#{"t_start": 1581324787.051937, "env_id": "FetchReach-v1"}
s,r,l,t
,-43.0,50,0.969434
,-48.0,50,1.597068
