#{"t_start": 1582825647.4387329, "env_id": "FetchSlide-v1"}
s,r,l,t
,-50.0,50,6.454165
,-50.0,50,8.346098
