#{"t_start": 1582825648.6569705, "env_id": "FetchSlide-v1"}
s,r,l,t
,-50.0,50,5.253399
,-50.0,50,7.111682
