#{"t_start": 1582825649.279988, "env_id": "FetchSlide-v1"}
s,r,l,t
,-50.0,50,4.6107
,-50.0,50,6.507616
