#{"t_start": 1582825647.6753457, "env_id": "FetchSlide-v1"}
s,r,l,t
,-50.0,50,6.209067
,-50.0,50,8.126719
