#{"t_start": 1582825648.2687538, "env_id": "FetchSlide-v1"}
s,r,l,t
,-50.0,50,5.604021
,-50.0,50,7.497857
