#{"t_start": 1582825647.8863933, "env_id": "FetchSlide-v1"}
s,r,l,t
,-50.0,50,5.986345
,-50.0,50,7.902869
