#{"t_start": 1582825647.3676362, "env_id": "FetchSlide-v1"}
s,r,l,t
,-50.0,50,6.541491
,-50.0,50,8.391687
