#{"t_start": 1582825648.8827324, "env_id": "FetchSlide-v1"}
s,r,l,t
,-50.0,50,4.972201
,-50.0,50,6.884341
