#{"t_start": 1582825648.1129444, "env_id": "FetchSlide-v1"}
s,r,l,t
,-50.0,50,5.753688
,-50.0,50,7.666761
