#{"t_start": 1582825648.000543, "env_id": "FetchSlide-v1"}
s,r,l,t
,-50.0,50,5.882179
,-50.0,50,7.75057
