#{"t_start": 1582825649.0888646, "env_id": "FetchSlide-v1"}
s,r,l,t
,-50.0,50,4.796204
,-50.0,50,6.674447
