#{"t_start": 1582825648.7307575, "env_id": "FetchSlide-v1"}
s,r,l,t
,-50.0,50,5.129121
,-50.0,50,7.025321
