#{"t_start": 1582825648.3619156, "env_id": "FetchSlide-v1"}
s,r,l,t
,-50.0,50,5.558987
,-50.0,50,7.430602
