#{"t_start": 1582825648.4911714, "env_id": "FetchSlide-v1"}
s,r,l,t
,-50.0,50,5.407012
,-50.0,50,7.281841
