#{"t_start": 1582825647.7880027, "env_id": "FetchSlide-v1"}
s,r,l,t
,-50.0,50,6.090979
,-50.0,50,8.007705
