#{"t_start": 1582825647.540594, "env_id": "FetchSlide-v1"}
s,r,l,t
,-50.0,50,6.40641
,-50.0,50,8.222846
