stats_g/mean,stats_g/std,stats_o/mean,stats_o/std,test/avg_episode_reward,test/episode,test/mean_Q_val,test/success_rate,train/avg_episode_reward,train/episode,train/success_rate
0.8924928,0.10820713,0.2674477,0.03496114,-25.425,10.0,-0.7944881,0.65,-32.3625,10.0,0.3875
0.88950306,0.09902159,0.26679584,0.03195868,-18.325,20.0,-0.7582035,0.8249999,-28.75,20.0,0.6375
0.8878749,0.09395055,0.26648653,0.030740168,-8.6375,30.0,-0.48001593,0.9875,-22.150002,30.0,0.675
0.88378435,0.09104204,0.2652885,0.030200979,-9.087501,40.0,-0.55989313,0.9,-17.0375,40.0,0.7625
0.88494843,0.09041238,0.26539952,0.030245245,-4.975,50.0,-0.36172292,0.9875,-16.6375,50.0,0.75
0.8835551,0.08945793,0.2649383,0.0302333,-3.1375,60.0,-0.2746599,0.9875,-15.0125,60.0,0.7875
