obs_rms_mean,obs_rms_std,param_noise_stddev,reference_Q_mean,reference_Q_std,reference_action_mean,reference_action_std,reference_actor_Q_mean,reference_actor_Q_std,reference_perturbed_action_mean,reference_perturbed_action_std,rollout/Q_mean,rollout/actions_mean,rollout/actions_std,rollout/episode_steps,rollout/episodes,rollout/return,rollout/return_history,rollout/return_history_std,rollout/return_std,total/duration,total/episodes,total/epochs,total/steps,total/steps_per_second,train/loss_actor,train/loss_critic,train/param_noise_distance
0.0,1.0,0.16720346283821505,-8.952642440795898,0.1638566553592682,0.16802115738391876,0.45497632026672363,-8.952400207519531,0.16095048189163208,0.30129966139793396,0.561691164970398,-4.689075469970703,0.00984459649771452,0.6682076454162598,50.0,40.0,-50.0,-50.0,0.0,0.0,24.89298725128174,40.0,1,2000,80.34391291856787,8.78414535522461,1.3003532886505127,0.2945507764816284
0.0,1.0,0.15136711368692907,-14.562421798706055,0.5406190156936646,0.009353077039122581,0.95603346824646,-14.559715270996094,0.5670429468154907,0.37147361040115356,0.7993329763412476,-8.359490394592285,0.057486679404973984,0.730978786945343,50.0,80.0,-49.900001525878906,-49.900001525878906,0.6041523218154907,0.6041523218154907,37.996113777160645,80.0,2,4000,105.27392415601167,14.841656684875488,4.6878342628479,0.2809090316295624
